id,scraped_at,crossing_id,crossing_name,dpsu_name,trucks_waiting,cars_waiting,cars_per_hour,load_color,state,closure_flag,parse_miss_flag,character,category,location,lat,lng,camera_url,source_updated_kyiv,source_updated_utc,reading_age_seconds,state_of_busy_raw,restricted_flag,ts_synthetic
9984,2026-07-24T04:10:00Z,budomierz,Budomierz,Грушів - Будомєж,0,1,40,green,відкритий,0,0,"пасажирський, вантажний до 7,5 т (з 15.06.2022 по 14.12.2022), пасажирські автобуси, легкові автомобілі, пішохідний ((пропуск пішоходів не здійснюється))","міжнародний, цілодобовий","Львівська область, Яворівський район",50.096922,23.279205,,2026-07-24 05:58:07,2026-07-24T02:58:07Z,4313,Кількість легкових авто перед ППр: 1 <br> Швидкість оформлення легкових авто: 40 авто/год <br> Кількість вантажних авто перед ППр: 0,0,0
9982,2026-07-24T04:10:00Z,dolhobyczow,Dołhobyczów,Угринів - Долгобичув,101,0,40,green,відкритий,0,0,"пасажирський, вантажний до 7,5 т (з 01.09.2022), легкові автомобілі, пішохідний (на вихід з України з метою евакуації) ((пропуск пішоходів не здійснюється))","міжнародний, цілодобовий","Львівська область, Яворівський район",50.578315,24.091082,,2026-07-24 05:57:37,2026-07-24T02:57:37Z,4343,Кількість легкових авто перед ППр: 0 <br> Швидкість оформлення легкових авто: 40 авто/год <br> Кількість вантажних авто перед ППр: 101,0,0
9989,2026-07-24T04:10:00Z,dorohusk,Dorohusk,Ягодин - Дорогуськ,2302,,58,green,відкритий,0,0,"вантажний, лише вантажні понад 7.5 т та автобуси (пропуску пішоходів не здійснюється)","міжнародний, цілодобовий","Волинська область, Любомильський район",51.188238,23.812087,,2026-07-24 06:03:33,2026-07-24T03:03:33Z,3987,Кількість легкових авто перед ППр: Пропуск легкових автомобілів тимчасово не здійснюється <br> Швидкість оформлення легкових авто: 58 авто/год <br> Кількість вантажних авто перед ППр: 2302,0,0
9985,2026-07-24T04:10:00Z,hrebenne,Hrebenne,Рава-Руська автомобільний,367,1,67,green,відкритий,0,0,"пасажирський, вантажний, пасажирські автобуси, легкові автомобілі, пішохідний (пропуск пішоходів не здійснюється))","міжнародний, цілодобовий","Львівська область, Жовківський район",50.274425,23.588896,,2026-07-24 05:57:47,2026-07-24T02:57:47Z,4333,Кількість легкових авто перед ППр: 1 <br> Швидкість оформлення легкових авто: 67 авто/год <br> Кількість вантажних авто перед ППр: 367,0,0
9986,2026-07-24T04:10:00Z,korczowa,Korczowa,Краківець - Корчова,100,10,73,green,відкритий,0,0,"пасажирський, вантажний (пропуск пішоходів не здійснюється)","міжнародний, цілодобовий","Львівська область, Яворівський район",49.954428,23.116649,,2026-07-24 05:58:21,2026-07-24T02:58:21Z,4299,Кількість легкових авто перед ППр: 10 <br> Швидкість оформлення легкових авто: 73 авто/год <br> Кількість вантажних авто перед ППр: 100,0,0
9988,2026-07-24T04:10:00Z,kroscienko,Krościenko,Смільниця - Кросьценко,1,0,41,green,відкритий,0,0,"пасажирський, вантажний до 9,5 т, пасажирські автобуси, легкові автомобілі, пішохідний (пропуск пішоходів не здійснюється)","міжнародний, цілодобовий",Львівська область/Старосамбірський,49.481184,22.701526,,2026-07-24 05:58:31,2026-07-24T02:58:31Z,4289,Кількість легкових авто перед ППр: 0 <br> Швидкість оформлення легкових авто: 41 авто/год <br> Кількість вантажних авто перед ППр: 1,0,0
9990,2026-07-24T04:10:00Z,malhowice,Małhowice,Нижанковичі-Мальховіце,0,0,21,green,відкритий,0,0,"кордон не можуть перетинати пусті цистерни, які призначені для перевезення небезпечних вантажів, у тому числі ПММ (пропуск пішоходів не здійснюється)","місце пропуску вантажних т/з масою понад 7,5 т, без вантажу",Львівська область,49.694185,22.817063,,2026-07-24 05:58:40,2026-07-24T02:58:40Z,4280,Кількість легкових авто перед ППр: 0 <br> Швидкість оформлення легкових авто: 21 авто/год <br> Кількість вантажних авто перед ППр: 0,0,0
9983,2026-07-24T04:10:00Z,zosin,Zosin,Устилуг - Зосін,340,35,40,blue,відкритий,0,0,"пасажирський, вантажний до 7.5 т (з 13.06.2022 по 12.12.2022) (пропуск пішоходів не здійснюється)","міжнародний, цілодобовий",Волинська область,50.856037,24.143464,,2026-07-24 06:03:17,2026-07-24T03:03:17Z,4003,Кількість легкових авто перед ППр: 35 <br> Швидкість оформлення легкових авто: 40 авто/год <br> Кількість вантажних авто перед ППр: 340,0,0
9993,2026-07-24T07:04:00Z,budomierz,Budomierz,Грушів - Будомєж,1,30,40,blue,відкритий,0,0,"пасажирський, вантажний до 7,5 т (з 15.06.2022 по 14.12.2022), пасажирські автобуси, легкові автомобілі, пішохідний ((пропуск пішоходів не здійснюється))","міжнародний, цілодобовий","Львівська область, Яворівський район",50.096922,23.279205,,2026-07-24 08:57:16,2026-07-24T05:57:16Z,4004,Кількість легкових авто перед ППр: 30 <br> Швидкість оформлення легкових авто: 40 авто/год <br> Кількість вантажних авто перед ППр: 1,0,0
9991,2026-07-24T07:04:00Z,dolhobyczow,Dołhobyczów,Угринів - Долгобичув,87,15,40,green,відкритий,0,0,"пасажирський, вантажний до 7,5 т (з 01.09.2022), легкові автомобілі, пішохідний (на вихід з України з метою евакуації) ((пропуск пішоходів не здійснюється))","міжнародний, цілодобовий","Львівська область, Яворівський район",50.578315,24.091082,,2026-07-24 08:55:13,2026-07-24T05:55:13Z,4127,Кількість легкових авто перед ППр: 15 <br> Швидкість оформлення легкових авто: 40 авто/год <br> Кількість вантажних авто перед ППр: 87,0,0
9994,2026-07-24T07:04:00Z,hrebenne,Hrebenne,Рава-Руська автомобільний,364,0,67,green,відкритий,0,0,"пасажирський, вантажний, пасажирські автобуси, легкові автомобілі, пішохідний (пропуск пішоходів не здійснюється))","міжнародний, цілодобовий","Львівська область, Жовківський район",50.274425,23.588896,,2026-07-24 08:55:37,2026-07-24T05:55:37Z,4103,Кількість легкових авто перед ППр: 0 <br> Швидкість оформлення легкових авто: 67 авто/год <br> Кількість вантажних авто перед ППр: 364,0,0
9995,2026-07-24T07:04:00Z,korczowa,Korczowa,Краківець - Корчова,95,25,73,green,відкритий,0,0,"пасажирський, вантажний (пропуск пішоходів не здійснюється)","міжнародний, цілодобовий","Львівська область, Яворівський район",49.954428,23.116649,,2026-07-24 08:57:54,2026-07-24T05:57:54Z,3966,Кількість легкових авто перед ППр: 25 <br> Швидкість оформлення легкових авто: 73 авто/год <br> Кількість вантажних авто перед ППр: 95,0,0
9997,2026-07-24T07:04:00Z,kroscienko,Krościenko,Смільниця - Кросьценко,0,0,41,green,відкритий,0,0,"пасажирський, вантажний до 9,5 т, пасажирські автобуси, легкові автомобілі, пішохідний (пропуск пішоходів не здійснюється)","міжнародний, цілодобовий",Львівська область/Старосамбірський,49.481184,22.701526,,2026-07-24 08:58:39,2026-07-24T05:58:39Z,3921,Кількість легкових авто перед ППр: 0 <br> Швидкість оформлення легкових авто: 41 авто/год <br> Кількість вантажних авто перед ППр: 0,0,0
9996,2026-07-24T07:04:00Z,medyka,Medyka,Шегині - Медика,383,35,68,blue,відкритий,0,0,"пасажирський, вантажний, пасажирські автобуси, легкові автомобілі, пішохідний (пропуск пішоходів не здійснюється)","міжнародний, цілодобовий","Львівська область, Мостиський район",49.799853,22.950834,,2026-07-24 08:58:22,2026-07-24T05:58:22Z,3938,Кількість легкових авто перед ППр: 35 <br> Швидкість оформлення легкових авто: 68 авто/год <br> Кількість вантажних авто перед ППр: 383,0,0
10002,2026-07-24T09:42:00Z,budomierz,Budomierz,Грушів - Будомєж,1,25,40,blue,відкритий,0,0,"пасажирський, вантажний до 7,5 т (з 15.06.2022 по 14.12.2022), пасажирські автобуси, легкові автомобілі, пішохідний ((пропуск пішоходів не здійснюється))","міжнародний, цілодобовий","Львівська область, Яворівський район",50.096922,23.279205,,2026-07-24 11:58:42,2026-07-24T08:58:42Z,2598,Кількість легкових авто перед ППр: 25 <br> Швидкість оформлення легкових авто: 40 авто/год <br> Кількість вантажних авто перед ППр: 1,0,0
10000,2026-07-24T09:42:00Z,dolhobyczow,Dołhobyczów,Угринів - Долгобичув,288,40,40,blue,відкритий,0,0,"пасажирський, вантажний до 7,5 т (з 01.09.2022), легкові автомобілі, пішохідний (на вихід з України з метою евакуації) ((пропуск пішоходів не здійснюється))","міжнародний, цілодобовий","Львівська область, Яворівський район",50.578315,24.091082,,2026-07-24 11:58:06,2026-07-24T08:58:06Z,2634,Кількість легкових авто перед ППр: 40 <br> Швидкість оформлення легкових авто: 40 авто/год <br> Кількість вантажних авто перед ППр: 288,0,0
10003,2026-07-24T09:42:00Z,hrebenne,Hrebenne,Рава-Руська автомобільний,393,30,67,blue,відкритий,0,0,"пасажирський, вантажний, пасажирські автобуси, легкові автомобілі, пішохідний (пропуск пішоходів не здійснюється))","міжнародний, цілодобовий","Львівська область, Жовківський район",50.274425,23.588896,,2026-07-24 11:58:27,2026-07-24T08:58:27Z,2613,Кількість легкових авто перед ППр: 30 <br> Швидкість оформлення легкових авто: 67 авто/год <br> Кількість вантажних авто перед ППр: 393,0,0
10004,2026-07-24T09:42:00Z,korczowa,Korczowa,Краківець - Корчова,57,35,73,blue,відкритий,0,0,"пасажирський, вантажний (пропуск пішоходів не здійснюється)","міжнародний, цілодобовий","Львівська область, Яворівський район",49.954428,23.116649,,2026-07-24 11:59:03,2026-07-24T08:59:03Z,2577,Кількість легкових авто перед ППр: 35 <br> Швидкість оформлення легкових авто: 73 авто/год <br> Кількість вантажних авто перед ППр: 57,0,0
10006,2026-07-24T09:42:00Z,kroscienko,Krościenko,Смільниця - Кросьценко,0,1,41,green,відкритий,0,0,"пасажирський, вантажний до 9,5 т, пасажирські автобуси, легкові автомобілі, пішохідний (пропуск пішоходів не здійснюється)","міжнародний, цілодобовий",Львівська область/Старосамбірський,49.481184,22.701526,,2026-07-24 11:59:40,2026-07-24T08:59:40Z,2540,Кількість легкових авто перед ППр: 1 <br> Швидкість оформлення легкових авто: 41 авто/год <br> Кількість вантажних авто перед ППр: 0,0,0
10008,2026-07-24T09:42:00Z,malhowice,Małhowice,Нижанковичі-Мальховіце,0,10,21,green,відкритий,0,0,"кордон не можуть перетинати пусті цистерни, які призначені для перевезення небезпечних вантажів, у тому числі ПММ (пропуск пішоходів не здійснюється)","місце пропуску вантажних т/з масою понад 7,5 т, без вантажу",Львівська область,49.694185,22.817063,,2026-07-24 11:59:51,2026-07-24T08:59:51Z,2529,Кількість легкових авто перед ППр: 10 <br> Швидкість оформлення легкових авто: 21 авто/год <br> Кількість вантажних авто перед ППр: 0,0,0
10005,2026-07-24T09:42:00Z,medyka,Medyka,Шегині - Медика,595,50,68,blue,відкритий,0,0,"пасажирський, вантажний, пасажирські автобуси, легкові автомобілі, пішохідний (пропуск пішоходів не здійснюється)","міжнародний, цілодобовий","Львівська область, Мостиський район",49.799853,22.950834,,2026-07-24 11:59:20,2026-07-24T08:59:20Z,2560,Кількість легкових авто перед ППр: 50 <br> Швидкість оформлення легкових авто: 68 авто/год <br> Кількість вантажних авто перед ППр: 595,0,0
10016,2026-07-24T11:38:00Z,dorohusk,Dorohusk,Ягодин - Дорогуськ,2299,,58,green,відкритий,0,0,"вантажний, лише вантажні понад 7.5 т та автобуси (пропуску пішоходів не здійснюється)","міжнародний, цілодобовий","Волинська область, Любомильський район",51.188238,23.812087,,2026-07-24 14:11:44,2026-07-24T11:11:44Z,1576,Кількість легкових авто перед ППр: Пропуск легкових автомобілів тимчасово не здійснюється <br> Швидкість оформлення легкових авто: 58 авто/год <br> Кількість вантажних авто перед ППр: 2299,0,0
10010,2026-07-24T11:38:00Z,zosin,Zosin,Устилуг - Зосін,375,45,46,blue,відкритий,0,0,"пасажирський, вантажний до 7.5 т (з 13.06.2022 по 12.12.2022) (пропуск пішоходів не здійснюється)","міжнародний, цілодобовий",Волинська область,50.856037,24.143464,,2026-07-24 14:12:17,2026-07-24T11:12:17Z,1543,Кількість легкових авто перед ППр: 45 <br> Швидкість оформлення легкових авто: 46 авто/год <br> Кількість вантажних авто перед ППр: 375,0,0
10020,2026-07-24T13:25:00Z,budomierz,Budomierz,Грушів - Будомєж,5,40,40,blue,відкритий,0,0,"пасажирський, вантажний до 7,5 т (з 15.06.2022 по 14.12.2022), пасажирські автобуси, легкові автомобілі, пішохідний ((пропуск пішоходів не здійснюється))","міжнародний, цілодобовий","Львівська область, Яворівський район",50.096922,23.279205,,2026-07-24 14:57:38,2026-07-24T11:57:38Z,5242,Кількість легкових авто перед ППр: 40 <br> Швидкість оформлення легкових авто: 40 авто/год <br> Кількість вантажних авто перед ППр: 5,0,0
10018,2026-07-24T13:25:00Z,dolhobyczow,Dołhobyczów,Угринів - Долгобичув,368,50,40,blue,відкритий,0,0,"пасажирський, вантажний до 7,5 т (з 01.09.2022), легкові автомобілі, пішохідний (на вихід з України з метою евакуації) ((пропуск пішоходів не здійснюється))","міжнародний, цілодобовий","Львівська область, Яворівський район",50.578315,24.091082,,2026-07-24 14:56:57,2026-07-24T11:56:57Z,5283,Кількість легкових авто перед ППр: 50 <br> Швидкість оформлення легкових авто: 40 авто/год <br> Кількість вантажних авто перед ППр: 368,0,0
10025,2026-07-24T13:25:00Z,dorohusk,Dorohusk,Ягодин - Дорогуськ,2333,,58,green,відкритий,0,0,"вантажний, лише вантажні понад 7.5 т та автобуси (пропуску пішоходів не здійснюється)","міжнародний, цілодобовий","Волинська область, Любомильський район",51.188238,23.812087,,2026-07-24 15:09:23,2026-07-24T12:09:23Z,4537,Кількість легкових авто перед ППр: Пропуск легкових автомобілів тимчасово не здійснюється <br> Швидкість оформлення легкових авто: 58 авто/год <br> Кількість вантажних авто перед ППр: 2333,0,0
10021,2026-07-24T13:25:00Z,hrebenne,Hrebenne,Рава-Руська автомобільний,577,40,67,blue,відкритий,0,0,"пасажирський, вантажний, пасажирські автобуси, легкові автомобілі, пішохідний (пропуск пішоходів не здійснюється))","міжнародний, цілодобовий","Львівська область, Жовківський район",50.274425,23.588896,,2026-07-24 14:57:19,2026-07-24T11:57:19Z,5261,Кількість легкових авто перед ППр: 40 <br> Швидкість оформлення легкових авто: 67 авто/год <br> Кількість вантажних авто перед ППр: 577,0,0
10022,2026-07-24T13:25:00Z,korczowa,Korczowa,Краківець - Корчова,69,50,73,blue,відкритий,0,0,"пасажирський, вантажний (пропуск пішоходів не здійснюється)","міжнародний, цілодобовий","Львівська область, Яворівський район",49.954428,23.116649,,2026-07-24 14:57:57,2026-07-24T11:57:57Z,5223,Кількість легкових авто перед ППр: 50 <br> Швидкість оформлення легкових авто: 73 авто/год <br> Кількість вантажних авто перед ППр: 69,0,0
10024,2026-07-24T13:25:00Z,kroscienko,Krościenko,Смільниця - Кросьценко,0,0,41,green,відкритий,0,0,"пасажирський, вантажний до 9,5 т, пасажирські автобуси, легкові автомобілі, пішохідний (пропуск пішоходів не здійснюється)","міжнародний, цілодобовий",Львівська область/Старосамбірський,49.481184,22.701526,,2026-07-24 14:58:26,2026-07-24T11:58:26Z,5194,Кількість легкових авто перед ППр: 0 <br> Швидкість оформлення легкових авто: 41 авто/год <br> Кількість вантажних авто перед ППр: 0,0,0
10026,2026-07-24T13:25:00Z,malhowice,Małhowice,Нижанковичі-Мальховіце,0,0,21,green,відкритий,0,0,"кордон не можуть перетинати пусті цистерни, які призначені для перевезення небезпечних вантажів, у тому числі ПММ (пропуск пішоходів не здійснюється)","місце пропуску вантажних т/з масою понад 7,5 т, без вантажу",Львівська область,49.694185,22.817063,,2026-07-24 14:58:40,2026-07-24T11:58:40Z,5180,Кількість легкових авто перед ППр: 0 <br> Швидкість оформлення легкових авто: 21 авто/год <br> Кількість вантажних авто перед ППр: 0,0,0
10023,2026-07-24T13:25:00Z,medyka,Medyka,Шегині - Медика,804,50,68,blue,відкритий,0,0,"пасажирський, вантажний, пасажирські автобуси, легкові автомобілі, пішохідний (пропуск пішоходів не здійснюється)","міжнародний, цілодобовий","Львівська область, Мостиський район",49.799853,22.950834,,2026-07-24 14:58:14,2026-07-24T11:58:14Z,5206,Кількість легкових авто перед ППр: 50 <br> Швидкість оформлення легкових авто: 68 авто/год <br> Кількість вантажних авто перед ППр: 804,0,0
10019,2026-07-24T13:25:00Z,zosin,Zosin,Устилуг - Зосін,379,40,46,blue,відкритий,0,0,"пасажирський, вантажний до 7.5 т (з 13.06.2022 по 12.12.2022) (пропуск пішоходів не здійснюється)","міжнародний, цілодобовий",Волинська область,50.856037,24.143464,,2026-07-24 15:09:44,2026-07-24T12:09:44Z,4516,Кількість легкових авто перед ППр: 40 <br> Швидкість оформлення легкових авто: 46 авто/год <br> Кількість вантажних авто перед ППр: 379,0,0
10029,2026-07-24T15:12:00Z,budomierz,Budomierz,Грушів - Будомєж,4,20,40,blue,відкритий,0,0,"пасажирський, вантажний до 7,5 т (з 15.06.2022 по 14.12.2022), пасажирські автобуси, легкові автомобілі, пішохідний ((пропуск пішоходів не здійснюється))","міжнародний, цілодобовий","Львівська область, Яворівський район",50.096922,23.279205,,2026-07-24 17:55:21,2026-07-24T14:55:21Z,999,Кількість легкових авто перед ППр: 20 <br> Швидкість оформлення легкових авто: 40 авто/год <br> Кількість вантажних авто перед ППр: 4,0,0
10027,2026-07-24T15:12:00Z,dolhobyczow,Dołhobyczów,Угринів - Долгобичув,391,30,40,blue,відкритий,0,0,"пасажирський, вантажний до 7,5 т (з 01.09.2022), легкові автомобілі, пішохідний (на вихід з України з метою евакуації) ((пропуск пішоходів не здійснюється))","міжнародний, цілодобовий","Львівська область, Яворівський район",50.578315,24.091082,,2026-07-24 17:54:29,2026-07-24T14:54:29Z,1051,Кількість легкових авто перед ППр: 30 <br> Швидкість оформлення легкових авто: 40 авто/год <br> Кількість вантажних авто перед ППр: 391,0,0
10034,2026-07-24T15:12:00Z,dorohusk,Dorohusk,Ягодин - Дорогуськ,2406,,58,green,відкритий,0,0,"вантажний, лише вантажні понад 7.5 т та автобуси (пропуску пішоходів не здійснюється)","міжнародний, цілодобовий","Волинська область, Любомильський район",51.188238,23.812087,,2026-07-24 18:01:55,2026-07-24T15:01:55Z,605,Кількість легкових авто перед ППр: Пропуск легкових автомобілів тимчасово не здійснюється <br> Швидкість оформлення легкових авто: 58 авто/год <br> Кількість вантажних авто перед ППр: 2406,0,0
10030,2026-07-24T15:12:00Z,hrebenne,Hrebenne,Рава-Руська автомобільний,637,10,67,green,відкритий,0,0,"пасажирський, вантажний, пасажирські автобуси, легкові автомобілі, пішохідний (пропуск пішоходів не здійснюється))","міжнародний, цілодобовий","Львівська область, Жовківський район",50.274425,23.588896,,2026-07-24 17:55:01,2026-07-24T14:55:01Z,1019,Кількість легкових авто перед ППр: 10 <br> Швидкість оформлення легкових авто: 67 авто/год <br> Кількість вантажних авто перед ППр: 637,0,0
10031,2026-07-24T15:12:00Z,korczowa,Korczowa,Краківець - Корчова,41,60,73,blue,відкритий,0,0,"пасажирський, вантажний (пропуск пішоходів не здійснюється)","міжнародний, цілодобовий","Львівська область, Яворівський район",49.954428,23.116649,,2026-07-24 17:55:42,2026-07-24T14:55:42Z,978,Кількість легкових авто перед ППр: 60 <br> Швидкість оформлення легкових авто: 73 авто/год <br> Кількість вантажних авто перед ППр: 41,0,0
10033,2026-07-24T15:12:00Z,kroscienko,Krościenko,Смільниця - Кросьценко,0,1,41,green,відкритий,0,0,"пасажирський, вантажний до 9,5 т, пасажирські автобуси, легкові автомобілі, пішохідний (пропуск пішоходів не здійснюється)","міжнародний, цілодобовий",Львівська область/Старосамбірський,49.481184,22.701526,,2026-07-24 17:56:49,2026-07-24T14:56:49Z,911,Кількість легкових авто перед ППр: 1 <br> Швидкість оформлення легкових авто: 41 авто/год <br> Кількість вантажних авто перед ППр: 0,0,0
10035,2026-07-24T15:12:00Z,malhowice,Małhowice,Нижанковичі-Мальховіце,0,1,21,green,відкритий,0,0,"кордон не можуть перетинати пусті цистерни, які призначені для перевезення небезпечних вантажів, у тому числі ПММ (пропуск пішоходів не здійснюється)","місце пропуску вантажних т/з масою понад 7,5 т, без вантажу",Львівська область,49.694185,22.817063,,2026-07-24 17:57:24,2026-07-24T14:57:24Z,876,Кількість легкових авто перед ППр: 1 <br> Швидкість оформлення легкових авто: 21 авто/год <br> Кількість вантажних авто перед ППр: 0,0,0
10032,2026-07-24T15:12:00Z,medyka,Medyka,Шегині - Медика,844,45,68,blue,відкритий,0,0,"пасажирський, вантажний, пасажирські автобуси, легкові автомобілі, пішохідний (пропуск пішоходів не здійснюється)","міжнародний, цілодобовий","Львівська область, Мостиський район",49.799853,22.950834,,2026-07-24 17:56:35,2026-07-24T14:56:35Z,925,Кількість легкових авто перед ППр: 45 <br> Швидкість оформлення легкових авто: 68 авто/год <br> Кількість вантажних авто перед ППр: 844,0,0
10028,2026-07-24T15:12:00Z,zosin,Zosin,Устилуг - Зосін,400,25,46,blue,відкритий,0,0,"пасажирський, вантажний до 7.5 т (з 13.06.2022 по 12.12.2022) (пропуск пішоходів не здійснюється)","міжнародний, цілодобовий",Волинська область,50.856037,24.143464,,2026-07-24 18:02:26,2026-07-24T15:02:26Z,574,Кількість легкових авто перед ППр: 25 <br> Швидкість оформлення легкових авто: 46 авто/год <br> Кількість вантажних авто перед ППр: 400,0,0
10052,2026-07-24T18:55:00Z,dorohusk,Dorohusk,Ягодин - Дорогуськ,2407,,58,green,відкритий,0,0,"вантажний, лише вантажні понад 7.5 т та автобуси (пропуску пішоходів не здійснюється)","міжнародний, цілодобовий","Волинська область, Любомильський район",51.188238,23.812087,,2026-07-24 21:05:47,2026-07-24T18:05:47Z,2953,Кількість легкових авто перед ППр: Пропуск легкових автомобілів тимчасово не здійснюється <br> Швидкість оформлення легкових авто: 58 авто/год <br> Кількість вантажних авто перед ППр: 2407,0,0
10046,2026-07-24T18:55:00Z,zosin,Zosin,Устилуг - Зосін,399,15,46,blue,відкритий,0,0,"пасажирський, вантажний до 7.5 т (з 13.06.2022 по 12.12.2022) (пропуск пішоходів не здійснюється)","міжнародний, цілодобовий",Волинська область,50.856037,24.143464,,2026-07-24 21:06:10,2026-07-24T18:06:10Z,2930,Кількість легкових авто перед ППр: 15 <br> Швидкість оформлення легкових авто: 46 авто/год <br> Кількість вантажних авто перед ППр: 399,0,0
