id,scraped_at,crossing_id,crossing_name,echerha_id,echerha_title,vehicle_class,vehicle_type,queue_flow,is_paused,virtual_wait_s,vehicles_waiting,free_slots,slots_units_left,tooltip,country_id,carrier_type
43033,2026-07-24T00:58:00Z,budomierz,Budomierz,88,"Грушів – Будомєж (для вантажівок ≤ 7,5 тонн)",truck_le_7_5t,1,1,0,0,0,,,,133,1
43048,2026-07-24T00:58:00Z,budomierz,Budomierz,104,Грушів – Будомєж. Автобуси (за розкладом),bus,2,2,0,,,9,9,,133,2
43040,2026-07-24T00:58:00Z,dolhobyczow,Dołhobyczów,31,"Угринів – Долгобичув (для порожніх вантажівок ≥ 7,5 тонн)",truck_empty,1,1,0,93600,108,,,,133,1
43053,2026-07-24T00:58:00Z,dolhobyczow,Dołhobyczów,76,Угринів – Долгобичув. Автобуси (за розкладом),bus,2,2,0,,,26,26,,133,2
43039,2026-07-24T00:58:00Z,dolhobyczow,Dołhobyczów,98,"Угринів – Долгобичув (для вантажівок ≥ 3,5 тонн до ≤ 7,5 тонн)",truck_le_7_5t,1,1,0,780,6,,,,133,1
43045,2026-07-24T00:58:00Z,dorohusk,Dorohusk,1,"Ягодин – Дорогуськ (для вантажівок ≥ 7,5 тонн)",truck_ge_7_5t,1,1,0,380160,1061,,,,133,1
43047,2026-07-24T00:58:00Z,dorohusk,Dorohusk,2,"Ягодин – Дорогуськ. Товари 1-24 групи УКТЗЕД (≥ 7,5 тонн)",truck_goods_1_24,1,1,0,0,0,,,,133,1
43046,2026-07-24T00:58:00Z,dorohusk,Dorohusk,29,"Ягодин – Дорогуськ (для порожніх вантажівок ≥ 7,5 тонн)",truck_empty,1,1,0,374700,1265,,,,133,1
43056,2026-07-24T00:58:00Z,dorohusk,Dorohusk,54,Ягодин – Дорогуськ. Автобуси (за розкладом),bus,2,2,0,,,27,27,,133,2
43036,2026-07-24T00:58:00Z,hrebenne,Hrebenne,5,"Рава-Руська – Хребенне (для вантажівок ≥ 7,5 тонн)",truck_ge_7_5t,1,1,1,178560,384,,,,133,1
43037,2026-07-24T00:58:00Z,hrebenne,Hrebenne,19,"Рава-Руська – Хребенне. Товари 1-24 групи УКТЗЕД (≥ 7,5 тонн)",truck_goods_1_24,1,1,1,0,4,,,,133,1
43051,2026-07-24T00:58:00Z,hrebenne,Hrebenne,78,Рава-Руська – Хребенне. Автобуси (за розкладом),bus,2,2,0,,,17,17,,133,2
43034,2026-07-24T00:58:00Z,korczowa,Korczowa,6,"Краківець – Корчова (для вантажівок ≥ 7,5 тонн)",truck_ge_7_5t,1,1,1,39060,102,,,,133,1
43035,2026-07-24T00:58:00Z,korczowa,Korczowa,20,"Краківець – Корчова. Товари 1-24 групи УКТЗЕД (≥ 7,5 тонн)",truck_goods_1_24,1,1,0,0,4,,,,133,1
43049,2026-07-24T00:58:00Z,korczowa,Korczowa,23,Краківець – Корчова. Автобуси,bus,2,1,0,0,19,,,,133,2
43052,2026-07-24T00:58:00Z,kroscienko,Krościenko,75,Смільниця – Кросьценко. Автобуси (за розкладом),bus,2,2,1,,,30,30,,133,2
43038,2026-07-24T00:58:00Z,kroscienko,Krościenko,84,"Смільниця – Кросьценко (для вантажівок ≤ 7,5 тонн)",truck_le_7_5t,1,1,0,0,0,,,,133,1
43050,2026-07-24T00:58:00Z,malhowice,Małhowice,102,Нижанковичі – Мальховичі. Автобуси (за розкладом),bus,2,2,0,,,17,17,,133,2
43043,2026-07-24T00:58:00Z,medyka,Medyka,8,"Шегині – Медика (для вантажівок ≥ 7,5 тонн)",truck_ge_7_5t,1,1,0,94080,112,,,,133,1
43055,2026-07-24T00:58:00Z,medyka,Medyka,24,Шегині - Медика. Автобуси,bus,2,1,0,0,4,,,Ускладнений рух у зв'язку з ремонтними роботами на ММПП,133,2
43044,2026-07-24T00:58:00Z,medyka,Medyka,91,"Шегині – Медика (для порожніх вантажівок ≥ 3,5 тонн)",truck_empty,1,1,0,168480,216,,,,133,1
43042,2026-07-24T00:58:00Z,zosin,Zosin,7,"Устилуг – Зосин (для порожніх вантажівок ≥ 7,5 тонн)",truck_empty,1,1,1,228960,326,,,,133,1
43041,2026-07-24T00:58:00Z,zosin,Zosin,80,"Устилуг – Зосин (для вантажівок ≤ 7,5 тонн)",truck_le_7_5t,1,1,1,6300,14,,,,133,1
43054,2026-07-24T00:58:00Z,zosin,Zosin,113,Устилуг - Зосин. Автобуси (за розкладом),bus,2,2,1,,,16,16,,133,2
43057,2026-07-24T04:21:00Z,budomierz,Budomierz,88,"Грушів – Будомєж (для вантажівок ≤ 7,5 тонн)",truck_le_7_5t,1,1,1,0,1,,,,133,1
43072,2026-07-24T04:21:00Z,budomierz,Budomierz,104,Грушів – Будомєж. Автобуси (за розкладом),bus,2,2,0,,,5,5,,133,2
43064,2026-07-24T04:21:00Z,dolhobyczow,Dołhobyczów,31,"Угринів – Долгобичув (для порожніх вантажівок ≥ 7,5 тонн)",truck_empty,1,1,0,81900,93,,,,133,1
43077,2026-07-24T04:21:00Z,dolhobyczow,Dołhobyczów,76,Угринів – Долгобичув. Автобуси (за розкладом),bus,2,2,0,,,18,18,,133,2
43063,2026-07-24T04:21:00Z,dolhobyczow,Dołhobyczów,98,"Угринів – Долгобичув (для вантажівок ≥ 3,5 тонн до ≤ 7,5 тонн)",truck_le_7_5t,1,1,0,0,1,,,,133,1
43069,2026-07-24T04:21:00Z,dorohusk,Dorohusk,1,"Ягодин – Дорогуськ (для вантажівок ≥ 7,5 тонн)",truck_ge_7_5t,1,1,0,369720,1019,,,,133,1
43071,2026-07-24T04:21:00Z,dorohusk,Dorohusk,2,"Ягодин – Дорогуськ. Товари 1-24 групи УКТЗЕД (≥ 7,5 тонн)",truck_goods_1_24,1,1,0,0,0,,,,133,1
43070,2026-07-24T04:21:00Z,dorohusk,Dorohusk,29,"Ягодин – Дорогуськ (для порожніх вантажівок ≥ 7,5 тонн)",truck_empty,1,1,0,363300,1229,,,,133,1
43080,2026-07-24T04:21:00Z,dorohusk,Dorohusk,54,Ягодин – Дорогуськ. Автобуси (за розкладом),bus,2,2,0,,,21,21,,133,2
43060,2026-07-24T04:21:00Z,hrebenne,Hrebenne,5,"Рава-Руська – Хребенне (для вантажівок ≥ 7,5 тонн)",truck_ge_7_5t,1,1,0,165120,355,,,,133,1
43061,2026-07-24T04:21:00Z,hrebenne,Hrebenne,19,"Рава-Руська – Хребенне. Товари 1-24 групи УКТЗЕД (≥ 7,5 тонн)",truck_goods_1_24,1,1,1,2040,3,,,,133,1
43075,2026-07-24T04:21:00Z,hrebenne,Hrebenne,78,Рава-Руська – Хребенне. Автобуси (за розкладом),bus,2,2,0,,,10,10,,133,2
43058,2026-07-24T04:21:00Z,korczowa,Korczowa,6,"Краківець – Корчова (для вантажівок ≥ 7,5 тонн)",truck_ge_7_5t,1,1,1,25200,78,,,,133,1
43059,2026-07-24T04:21:00Z,korczowa,Korczowa,20,"Краківець – Корчова. Товари 1-24 групи УКТЗЕД (≥ 7,5 тонн)",truck_goods_1_24,1,1,1,0,0,,,,133,1
43073,2026-07-24T04:21:00Z,korczowa,Korczowa,23,Краківець – Корчова. Автобуси,bus,2,1,0,0,11,,,,133,2
43076,2026-07-24T04:21:00Z,kroscienko,Krościenko,75,Смільниця – Кросьценко. Автобуси (за розкладом),bus,2,2,0,,,22,22,,133,2
43062,2026-07-24T04:21:00Z,kroscienko,Krościenko,84,"Смільниця – Кросьценко (для вантажівок ≤ 7,5 тонн)",truck_le_7_5t,1,1,0,0,0,,,,133,1
43074,2026-07-24T04:21:00Z,malhowice,Małhowice,102,Нижанковичі – Мальховичі. Автобуси (за розкладом),bus,2,2,0,,,14,14,,133,2
43067,2026-07-24T04:21:00Z,medyka,Medyka,8,"Шегині – Медика (для вантажівок ≥ 7,5 тонн)",truck_ge_7_5t,1,1,0,101640,123,,,,133,1
43079,2026-07-24T04:21:00Z,medyka,Medyka,24,Шегині - Медика. Автобуси,bus,2,1,0,0,4,,,Ускладнений рух у зв'язку з ремонтними роботами на ММПП,133,2
43068,2026-07-24T04:21:00Z,medyka,Medyka,91,"Шегині – Медика (для порожніх вантажівок ≥ 3,5 тонн)",truck_empty,1,1,0,159120,205,,,,133,1
43066,2026-07-24T04:21:00Z,zosin,Zosin,7,"Устилуг – Зосин (для порожніх вантажівок ≥ 7,5 тонн)",truck_empty,1,1,0,221760,316,,,,133,1
43065,2026-07-24T04:21:00Z,zosin,Zosin,80,"Устилуг – Зосин (для вантажівок ≤ 7,5 тонн)",truck_le_7_5t,1,1,0,0,3,,,,133,1
43078,2026-07-24T04:21:00Z,zosin,Zosin,113,Устилуг - Зосин. Автобуси (за розкладом),bus,2,2,0,,,8,8,,133,2
43081,2026-07-24T07:07:00Z,budomierz,Budomierz,88,"Грушів – Будомєж (для вантажівок ≤ 7,5 тонн)",truck_le_7_5t,1,1,1,0,2,,,,133,1
43096,2026-07-24T07:07:00Z,budomierz,Budomierz,104,Грушів – Будомєж. Автобуси (за розкладом),bus,2,2,0,,,6,6,,133,2
43088,2026-07-24T07:07:00Z,dolhobyczow,Dołhobyczów,31,"Угринів – Долгобичув (для порожніх вантажівок ≥ 7,5 тонн)",truck_empty,1,1,0,80100,93,,,,133,1
43101,2026-07-24T07:07:00Z,dolhobyczow,Dołhobyczów,76,Угринів – Долгобичув. Автобуси (за розкладом),bus,2,2,0,,,11,11,,133,2
43087,2026-07-24T07:07:00Z,dolhobyczow,Dołhobyczów,98,"Угринів – Долгобичув (для вантажівок ≥ 3,5 тонн до ≤ 7,5 тонн)",truck_le_7_5t,1,1,0,0,2,,,,133,1
43093,2026-07-24T07:07:00Z,dorohusk,Dorohusk,1,"Ягодин – Дорогуськ (для вантажівок ≥ 7,5 тонн)",truck_ge_7_5t,1,1,1,374040,1015,,,,133,1
43095,2026-07-24T07:07:00Z,dorohusk,Dorohusk,2,"Ягодин – Дорогуськ. Товари 1-24 групи УКТЗЕД (≥ 7,5 тонн)",truck_goods_1_24,1,1,0,900,11,,,,133,1
43094,2026-07-24T07:07:00Z,dorohusk,Dorohusk,29,"Ягодин – Дорогуськ (для порожніх вантажівок ≥ 7,5 тонн)",truck_empty,1,1,1,360600,1226,,,,133,1
43104,2026-07-24T07:07:00Z,dorohusk,Dorohusk,54,Ягодин – Дорогуськ. Автобуси (за розкладом),bus,2,2,0,,,16,16,,133,2
43084,2026-07-24T07:07:00Z,hrebenne,Hrebenne,5,"Рава-Руська – Хребенне (для вантажівок ≥ 7,5 тонн)",truck_ge_7_5t,1,1,1,162240,353,,,,133,1
43085,2026-07-24T07:07:00Z,hrebenne,Hrebenne,19,"Рава-Руська – Хребенне. Товари 1-24 групи УКТЗЕД (≥ 7,5 тонн)",truck_goods_1_24,1,1,1,13260,19,,,,133,1
43099,2026-07-24T07:07:00Z,hrebenne,Hrebenne,78,Рава-Руська – Хребенне. Автобуси (за розкладом),bus,2,2,0,,,7,7,,133,2
43082,2026-07-24T07:07:00Z,korczowa,Korczowa,6,"Краківець – Корчова (для вантажівок ≥ 7,5 тонн)",truck_ge_7_5t,1,1,0,20580,67,,,,133,1
43083,2026-07-24T07:07:00Z,korczowa,Korczowa,20,"Краківець – Корчова. Товари 1-24 групи УКТЗЕД (≥ 7,5 тонн)",truck_goods_1_24,1,1,0,3900,10,,,,133,1
43097,2026-07-24T07:07:00Z,korczowa,Korczowa,23,Краківець – Корчова. Автобуси,bus,2,1,0,0,22,,,,133,2
43100,2026-07-24T07:07:00Z,kroscienko,Krościenko,75,Смільниця – Кросьценко. Автобуси (за розкладом),bus,2,2,0,,,18,18,,133,2
43086,2026-07-24T07:07:00Z,kroscienko,Krościenko,84,"Смільниця – Кросьценко (для вантажівок ≤ 7,5 тонн)",truck_le_7_5t,1,1,0,0,2,,,,133,1
43098,2026-07-24T07:07:00Z,malhowice,Małhowice,102,Нижанковичі – Мальховичі. Автобуси (за розкладом),bus,2,2,0,,,12,12,,133,2
43091,2026-07-24T07:07:00Z,medyka,Medyka,8,"Шегині – Медика (для вантажівок ≥ 7,5 тонн)",truck_ge_7_5t,1,1,0,294840,353,,,,133,1
43103,2026-07-24T07:07:00Z,medyka,Medyka,24,Шегині - Медика. Автобуси,bus,2,1,0,0,3,,,Ускладнений рух у зв'язку з ремонтними роботами на ММПП,133,2
43092,2026-07-24T07:07:00Z,medyka,Medyka,91,"Шегині – Медика (для порожніх вантажівок ≥ 3,5 тонн)",truck_empty,1,1,0,156780,203,,,,133,1
43090,2026-07-24T07:07:00Z,zosin,Zosin,7,"Устилуг – Зосин (для порожніх вантажівок ≥ 7,5 тонн)",truck_empty,1,1,1,244080,347,,,,133,1
43089,2026-07-24T07:07:00Z,zosin,Zosin,80,"Устилуг – Зосин (для вантажівок ≤ 7,5 тонн)",truck_le_7_5t,1,1,0,0,0,,,,133,1
43102,2026-07-24T07:07:00Z,zosin,Zosin,113,Устилуг - Зосин. Автобуси (за розкладом),bus,2,2,0,,,8,8,,133,2
43105,2026-07-24T09:54:00Z,budomierz,Budomierz,88,"Грушів – Будомєж (для вантажівок ≤ 7,5 тонн)",truck_le_7_5t,1,1,1,0,3,,,,133,1
43120,2026-07-24T09:54:00Z,budomierz,Budomierz,104,Грушів – Будомєж. Автобуси (за розкладом),bus,2,2,0,,,4,4,,133,2
43112,2026-07-24T09:54:00Z,dolhobyczow,Dołhobyczów,31,"Угринів – Долгобичув (для порожніх вантажівок ≥ 7,5 тонн)",truck_empty,1,1,0,312300,351,,,,133,1
43125,2026-07-24T09:54:00Z,dolhobyczow,Dołhobyczów,76,Угринів – Долгобичув. Автобуси (за розкладом),bus,2,2,0,,,7,7,,133,2
43111,2026-07-24T09:54:00Z,dolhobyczow,Dołhobyczów,98,"Угринів – Долгобичув (для вантажівок ≥ 3,5 тонн до ≤ 7,5 тонн)",truck_le_7_5t,1,1,0,0,0,,,,133,1
43117,2026-07-24T09:54:00Z,dorohusk,Dorohusk,1,"Ягодин – Дорогуськ (для вантажівок ≥ 7,5 тонн)",truck_ge_7_5t,1,1,1,383040,1051,,,,133,1
43119,2026-07-24T09:54:00Z,dorohusk,Dorohusk,2,"Ягодин – Дорогуськ. Товари 1-24 групи УКТЗЕД (≥ 7,5 тонн)",truck_goods_1_24,1,1,0,0,5,,,,133,1
43118,2026-07-24T09:54:00Z,dorohusk,Dorohusk,29,"Ягодин – Дорогуськ (для порожніх вантажівок ≥ 7,5 тонн)",truck_empty,1,1,1,364800,1241,,,,133,1
43128,2026-07-24T09:54:00Z,dorohusk,Dorohusk,54,Ягодин – Дорогуськ. Автобуси (за розкладом),bus,2,2,0,,,9,9,,133,2
43108,2026-07-24T09:54:00Z,hrebenne,Hrebenne,5,"Рава-Руська – Хребенне (для вантажівок ≥ 7,5 тонн)",truck_ge_7_5t,1,1,1,218880,471,,,,133,1
43109,2026-07-24T09:54:00Z,hrebenne,Hrebenne,19,"Рава-Руська – Хребенне. Товари 1-24 групи УКТЗЕД (≥ 7,5 тонн)",truck_goods_1_24,1,1,1,13260,19,,,,133,1
43123,2026-07-24T09:54:00Z,hrebenne,Hrebenne,78,Рава-Руська – Хребенне. Автобуси (за розкладом),bus,2,2,0,,,5,5,,133,2
43106,2026-07-24T09:54:00Z,korczowa,Korczowa,6,"Краківець – Корчова (для вантажівок ≥ 7,5 тонн)",truck_ge_7_5t,1,1,1,16380,57,,,,133,1
43107,2026-07-24T09:54:00Z,korczowa,Korczowa,20,"Краківець – Корчова. Товари 1-24 групи УКТЗЕД (≥ 7,5 тонн)",truck_goods_1_24,1,1,1,8580,14,,,,133,1
43121,2026-07-24T09:54:00Z,korczowa,Korczowa,23,Краківець – Корчова. Автобуси,bus,2,1,0,0,34,,,,133,2
43124,2026-07-24T09:54:00Z,kroscienko,Krościenko,75,Смільниця – Кросьценко. Автобуси (за розкладом),bus,2,2,0,,,16,16,,133,2
43110,2026-07-24T09:54:00Z,kroscienko,Krościenko,84,"Смільниця – Кросьценко (для вантажівок ≤ 7,5 тонн)",truck_le_7_5t,1,1,0,0,4,,,,133,1
43122,2026-07-24T09:54:00Z,malhowice,Małhowice,102,Нижанковичі – Мальховичі. Автобуси (за розкладом),bus,2,2,0,,,8,8,,133,2
43115,2026-07-24T09:54:00Z,medyka,Medyka,8,"Шегині – Медика (для вантажівок ≥ 7,5 тонн)",truck_ge_7_5t,1,1,0,331800,397,,,,133,1
43127,2026-07-24T09:54:00Z,medyka,Medyka,24,Шегині - Медика. Автобуси,bus,2,1,0,0,3,,,Ускладнений рух у зв'язку з ремонтними роботами на ММПП,133,2
43116,2026-07-24T09:54:00Z,medyka,Medyka,91,"Шегині – Медика (для порожніх вантажівок ≥ 3,5 тонн)",truck_empty,1,1,0,275340,355,,,,133,1
43114,2026-07-24T09:54:00Z,zosin,Zosin,7,"Устилуг – Зосин (для порожніх вантажівок ≥ 7,5 тонн)",truck_empty,1,1,0,257760,365,,,,133,1
43113,2026-07-24T09:54:00Z,zosin,Zosin,80,"Устилуг – Зосин (для вантажівок ≤ 7,5 тонн)",truck_le_7_5t,1,1,0,0,0,,,,133,1
43126,2026-07-24T09:54:00Z,zosin,Zosin,113,Устилуг - Зосин. Автобуси (за розкладом),bus,2,2,1,,,6,6,,133,2
43129,2026-07-24T11:42:00Z,budomierz,Budomierz,88,"Грушів – Будомєж (для вантажівок ≤ 7,5 тонн)",truck_le_7_5t,1,1,1,600,5,,,,133,1
43144,2026-07-24T11:42:00Z,budomierz,Budomierz,104,Грушів – Будомєж. Автобуси (за розкладом),bus,2,2,0,,,2,2,,133,2
43136,2026-07-24T11:42:00Z,dolhobyczow,Dołhobyczów,31,"Угринів – Долгобичув (для порожніх вантажівок ≥ 7,5 тонн)",truck_empty,1,1,0,336600,368,,,,133,1
43149,2026-07-24T11:42:00Z,dolhobyczow,Dołhobyczów,76,Угринів – Долгобичув. Автобуси (за розкладом),bus,2,2,0,,,4,4,,133,2
43135,2026-07-24T11:42:00Z,dolhobyczow,Dołhobyczów,98,"Угринів – Долгобичув (для вантажівок ≥ 3,5 тонн до ≤ 7,5 тонн)",truck_le_7_5t,1,1,0,0,0,,,,133,1
43141,2026-07-24T11:42:00Z,dorohusk,Dorohusk,1,"Ягодин – Дорогуськ (для вантажівок ≥ 7,5 тонн)",truck_ge_7_5t,1,1,0,394920,1084,,,,133,1
43143,2026-07-24T11:42:00Z,dorohusk,Dorohusk,2,"Ягодин – Дорогуськ. Товари 1-24 групи УКТЗЕД (≥ 7,5 тонн)",truck_goods_1_24,1,1,0,0,2,,,,133,1
43142,2026-07-24T11:42:00Z,dorohusk,Dorohusk,29,"Ягодин – Дорогуськ (для порожніх вантажівок ≥ 7,5 тонн)",truck_empty,1,1,0,368700,1244,,,,133,1
43152,2026-07-24T11:42:00Z,dorohusk,Dorohusk,54,Ягодин – Дорогуськ. Автобуси (за розкладом),bus,2,2,0,,,7,7,,133,2
43132,2026-07-24T11:42:00Z,hrebenne,Hrebenne,5,"Рава-Руська – Хребенне (для вантажівок ≥ 7,5 тонн)",truck_ge_7_5t,1,1,0,260640,558,,,,133,1
43133,2026-07-24T11:42:00Z,hrebenne,Hrebenne,19,"Рава-Руська – Хребенне. Товари 1-24 групи УКТЗЕД (≥ 7,5 тонн)",truck_goods_1_24,1,1,0,14280,20,,,,133,1
43147,2026-07-24T11:42:00Z,hrebenne,Hrebenne,78,Рава-Руська – Хребенне. Автобуси (за розкладом),bus,2,2,0,,,2,2,,133,2
43130,2026-07-24T11:42:00Z,korczowa,Korczowa,6,"Краківець – Корчова (для вантажівок ≥ 7,5 тонн)",truck_ge_7_5t,1,1,1,15540,52,,,,133,1
43131,2026-07-24T11:42:00Z,korczowa,Korczowa,20,"Краківець – Корчова. Товари 1-24 групи УКТЗЕД (≥ 7,5 тонн)",truck_goods_1_24,1,1,0,9360,18,,,,133,1
43145,2026-07-24T11:42:00Z,korczowa,Korczowa,23,Краківець – Корчова. Автобуси,bus,2,1,0,0,42,,,,133,2
43148,2026-07-24T11:42:00Z,kroscienko,Krościenko,75,Смільниця – Кросьценко. Автобуси (за розкладом),bus,2,2,0,,,12,12,,133,2
43134,2026-07-24T11:42:00Z,kroscienko,Krościenko,84,"Смільниця – Кросьценко (для вантажівок ≤ 7,5 тонн)",truck_le_7_5t,1,1,0,0,0,,,,133,1
43146,2026-07-24T11:42:00Z,malhowice,Małhowice,102,Нижанковичі – Мальховичі. Автобуси (за розкладом),bus,2,2,0,,,4,4,,133,2
43139,2026-07-24T11:42:00Z,medyka,Medyka,8,"Шегині – Медика (для вантажівок ≥ 7,5 тонн)",truck_ge_7_5t,1,1,0,345240,412,,,,133,1
43151,2026-07-24T11:42:00Z,medyka,Medyka,24,Шегині - Медика. Автобуси,bus,2,1,0,0,3,,,Ускладнений рух у зв'язку з ремонтними роботами на ММПП,133,2
43140,2026-07-24T11:42:00Z,medyka,Medyka,91,"Шегині – Медика (для порожніх вантажівок ≥ 3,5 тонн)",truck_empty,1,1,0,304200,392,,,,133,1
43138,2026-07-24T11:42:00Z,zosin,Zosin,7,"Устилуг – Зосин (для порожніх вантажівок ≥ 7,5 тонн)",truck_empty,1,1,1,267840,378,,,,133,1
43137,2026-07-24T11:42:00Z,zosin,Zosin,80,"Устилуг – Зосин (для вантажівок ≤ 7,5 тонн)",truck_le_7_5t,1,1,0,0,3,,,,133,1
43150,2026-07-24T11:42:00Z,zosin,Zosin,113,Устилуг - Зосин. Автобуси (за розкладом),bus,2,2,0,,,3,3,,133,2
43153,2026-07-24T13:45:00Z,budomierz,Budomierz,88,"Грушів – Будомєж (для вантажівок ≤ 7,5 тонн)",truck_le_7_5t,1,1,1,600,3,,,,133,1
43168,2026-07-24T13:45:00Z,budomierz,Budomierz,104,Грушів – Будомєж. Автобуси (за розкладом),bus,2,2,0,,,1,1,,133,2
43160,2026-07-24T13:45:00Z,dolhobyczow,Dołhobyczów,31,"Угринів – Долгобичув (для порожніх вантажівок ≥ 7,5 тонн)",truck_empty,1,1,0,360000,392,,,,133,1
43173,2026-07-24T13:45:00Z,dolhobyczow,Dołhobyczów,76,Угринів – Долгобичув. Автобуси (за розкладом),bus,2,2,0,,,3,3,,133,2
43159,2026-07-24T13:45:00Z,dolhobyczow,Dołhobyczów,98,"Угринів – Долгобичув (для вантажівок ≥ 3,5 тонн до ≤ 7,5 тонн)",truck_le_7_5t,1,1,0,0,2,,,,133,1
43165,2026-07-24T13:45:00Z,dorohusk,Dorohusk,1,"Ягодин – Дорогуськ (для вантажівок ≥ 7,5 тонн)",truck_ge_7_5t,1,1,1,411480,1131,,,,133,1
43167,2026-07-24T13:45:00Z,dorohusk,Dorohusk,2,"Ягодин – Дорогуськ. Товари 1-24 групи УКТЗЕД (≥ 7,5 тонн)",truck_goods_1_24,1,1,0,0,3,,,,133,1
43166,2026-07-24T13:45:00Z,dorohusk,Dorohusk,29,"Ягодин – Дорогуськ (для порожніх вантажівок ≥ 7,5 тонн)",truck_empty,1,1,0,368400,1243,,,,133,1
43176,2026-07-24T13:45:00Z,dorohusk,Dorohusk,54,Ягодин – Дорогуськ. Автобуси (за розкладом),bus,2,2,0,,,5,5,,133,2
43156,2026-07-24T13:45:00Z,hrebenne,Hrebenne,5,"Рава-Руська – Хребенне (для вантажівок ≥ 7,5 тонн)",truck_ge_7_5t,1,1,0,287520,611,,,,133,1
43157,2026-07-24T13:45:00Z,hrebenne,Hrebenne,19,"Рава-Руська – Хребенне. Товари 1-24 групи УКТЗЕД (≥ 7,5 тонн)",truck_goods_1_24,1,1,0,6120,13,,,,133,1
43171,2026-07-24T13:45:00Z,hrebenne,Hrebenne,78,Рава-Руська – Хребенне. Автобуси (за розкладом),bus,2,2,0,,,1,1,,133,2
43154,2026-07-24T13:45:00Z,korczowa,Korczowa,6,"Краківець – Корчова (для вантажівок ≥ 7,5 тонн)",truck_ge_7_5t,1,1,1,2100,24,,,,133,1
43155,2026-07-24T13:45:00Z,korczowa,Korczowa,20,"Краківець – Корчова. Товари 1-24 групи УКТЗЕД (≥ 7,5 тонн)",truck_goods_1_24,1,1,1,12480,21,,,,133,1
43169,2026-07-24T13:45:00Z,korczowa,Korczowa,23,Краківець – Корчова. Автобуси,bus,2,1,0,0,39,,,,133,2
43172,2026-07-24T13:45:00Z,kroscienko,Krościenko,75,Смільниця – Кросьценко. Автобуси (за розкладом),bus,2,2,0,,,8,8,,133,2
43158,2026-07-24T13:45:00Z,kroscienko,Krościenko,84,"Смільниця – Кросьценко (для вантажівок ≤ 7,5 тонн)",truck_le_7_5t,1,1,0,0,1,,,,133,1
43170,2026-07-24T13:45:00Z,malhowice,Małhowice,102,Нижанковичі – Мальховичі. Автобуси (за розкладом),bus,2,2,0,,,3,3,,133,2
43163,2026-07-24T13:45:00Z,medyka,Medyka,8,"Шегині – Медика (для вантажівок ≥ 7,5 тонн)",truck_ge_7_5t,1,1,0,357840,427,,,,133,1
43175,2026-07-24T13:45:00Z,medyka,Medyka,24,Шегині - Медика. Автобуси,bus,2,1,0,0,2,,,Ускладнений рух у зв'язку з ремонтними роботами на ММПП,133,2
43164,2026-07-24T13:45:00Z,medyka,Medyka,91,"Шегині – Медика (для порожніх вантажівок ≥ 3,5 тонн)",truck_empty,1,1,0,315120,406,,,,133,1
43162,2026-07-24T13:45:00Z,zosin,Zosin,7,"Устилуг – Зосин (для порожніх вантажівок ≥ 7,5 тонн)",truck_empty,1,1,0,286560,404,,,,133,1
43161,2026-07-24T13:45:00Z,zosin,Zosin,80,"Устилуг – Зосин (для вантажівок ≤ 7,5 тонн)",truck_le_7_5t,1,1,0,0,3,,,,133,1
43174,2026-07-24T13:45:00Z,zosin,Zosin,113,Устилуг - Зосин. Автобуси (за розкладом),bus,2,2,1,,,4,4,,133,2
43177,2026-07-24T15:25:00Z,budomierz,Budomierz,88,"Грушів – Будомєж (для вантажівок ≤ 7,5 тонн)",truck_le_7_5t,1,1,1,0,4,,,,133,1
43192,2026-07-24T15:25:00Z,budomierz,Budomierz,104,Грушів – Будомєж. Автобуси (за розкладом),bus,2,2,0,,,0,0,,133,2
43184,2026-07-24T15:25:00Z,dolhobyczow,Dołhobyczów,31,"Угринів – Долгобичув (для порожніх вантажівок ≥ 7,5 тонн)",truck_empty,1,1,0,362700,396,,,,133,1
43197,2026-07-24T15:25:00Z,dolhobyczow,Dołhobyczów,76,Угринів – Долгобичув. Автобуси (за розкладом),bus,2,2,0,,,2,2,,133,2
43183,2026-07-24T15:25:00Z,dolhobyczow,Dołhobyczów,98,"Угринів – Долгобичув (для вантажівок ≥ 3,5 тонн до ≤ 7,5 тонн)",truck_le_7_5t,1,1,0,0,1,,,,133,1
43189,2026-07-24T15:25:00Z,dorohusk,Dorohusk,1,"Ягодин – Дорогуськ (для вантажівок ≥ 7,5 тонн)",truck_ge_7_5t,1,1,0,419400,1154,,,,133,1
43191,2026-07-24T15:25:00Z,dorohusk,Dorohusk,2,"Ягодин – Дорогуськ. Товари 1-24 групи УКТЗЕД (≥ 7,5 тонн)",truck_goods_1_24,1,1,0,0,2,,,,133,1
43190,2026-07-24T15:25:00Z,dorohusk,Dorohusk,29,"Ягодин – Дорогуськ (для порожніх вантажівок ≥ 7,5 тонн)",truck_empty,1,1,0,373800,1261,,,,133,1
43200,2026-07-24T15:25:00Z,dorohusk,Dorohusk,54,Ягодин – Дорогуськ. Автобуси (за розкладом),bus,2,2,0,,,3,3,,133,2
43180,2026-07-24T15:25:00Z,hrebenne,Hrebenne,5,"Рава-Руська – Хребенне (для вантажівок ≥ 7,5 тонн)",truck_ge_7_5t,1,1,1,297120,633,,,,133,1
43181,2026-07-24T15:25:00Z,hrebenne,Hrebenne,19,"Рава-Руська – Хребенне. Товари 1-24 групи УКТЗЕД (≥ 7,5 тонн)",truck_goods_1_24,1,1,1,5100,12,,,,133,1
43195,2026-07-24T15:25:00Z,hrebenne,Hrebenne,78,Рава-Руська – Хребенне. Автобуси (за розкладом),bus,2,2,0,,,0,0,,133,2
43178,2026-07-24T15:25:00Z,korczowa,Korczowa,6,"Краківець – Корчова (для вантажівок ≥ 7,5 тонн)",truck_ge_7_5t,1,1,1,420,19,,,,133,1
43179,2026-07-24T15:25:00Z,korczowa,Korczowa,20,"Краківець – Корчова. Товари 1-24 групи УКТЗЕД (≥ 7,5 тонн)",truck_goods_1_24,1,1,1,21840,28,,,,133,1
43193,2026-07-24T15:25:00Z,korczowa,Korczowa,23,Краківець – Корчова. Автобуси,bus,2,1,0,0,38,,,,133,2
43196,2026-07-24T15:25:00Z,kroscienko,Krościenko,75,Смільниця – Кросьценко. Автобуси (за розкладом),bus,2,2,0,,,7,7,,133,2
43182,2026-07-24T15:25:00Z,kroscienko,Krościenko,84,"Смільниця – Кросьценко (для вантажівок ≤ 7,5 тонн)",truck_le_7_5t,1,1,0,0,0,,,,133,1
43194,2026-07-24T15:25:00Z,malhowice,Małhowice,102,Нижанковичі – Мальховичі. Автобуси (за розкладом),bus,2,2,0,,,3,3,,133,2
43187,2026-07-24T15:25:00Z,medyka,Medyka,8,"Шегині – Медика (для вантажівок ≥ 7,5 тонн)",truck_ge_7_5t,1,1,0,365400,436,,,,133,1
43199,2026-07-24T15:25:00Z,medyka,Medyka,24,Шегині - Медика. Автобуси,bus,2,1,0,0,2,,,Ускладнений рух у зв'язку з ремонтними роботами на ММПП,133,2
43188,2026-07-24T15:25:00Z,medyka,Medyka,91,"Шегині – Медика (для порожніх вантажівок ≥ 3,5 тонн)",truck_empty,1,1,0,327600,422,,,,133,1
43186,2026-07-24T15:25:00Z,zosin,Zosin,7,"Устилуг – Зосин (для порожніх вантажівок ≥ 7,5 тонн)",truck_empty,1,1,1,280800,397,,,,133,1
43185,2026-07-24T15:25:00Z,zosin,Zosin,80,"Устилуг – Зосин (для вантажівок ≤ 7,5 тонн)",truck_le_7_5t,1,1,1,840,4,,,,133,1
43198,2026-07-24T15:25:00Z,zosin,Zosin,113,Устилуг - Зосин. Автобуси (за розкладом),bus,2,2,0,,,4,4,,133,2
43201,2026-07-24T17:05:00Z,budomierz,Budomierz,88,"Грушів – Будомєж (для вантажівок ≤ 7,5 тонн)",truck_le_7_5t,1,1,1,0,1,,,,133,1
43216,2026-07-24T17:05:00Z,budomierz,Budomierz,104,Грушів – Будомєж. Автобуси (за розкладом),bus,2,2,1,,,0,0,,133,2
43208,2026-07-24T17:05:00Z,dolhobyczow,Dołhobyczów,31,"Угринів – Долгобичув (для порожніх вантажівок ≥ 7,5 тонн)",truck_empty,1,1,0,356400,401,,,,133,1
43221,2026-07-24T17:05:00Z,dolhobyczow,Dołhobyczów,76,Угринів – Долгобичув. Автобуси (за розкладом),bus,2,2,0,,,2,2,,133,2
43207,2026-07-24T17:05:00Z,dolhobyczow,Dołhobyczów,98,"Угринів – Долгобичув (для вантажівок ≥ 3,5 тонн до ≤ 7,5 тонн)",truck_le_7_5t,1,1,0,0,0,,,,133,1
43213,2026-07-24T17:05:00Z,dorohusk,Dorohusk,1,"Ягодин – Дорогуськ (для вантажівок ≥ 7,5 тонн)",truck_ge_7_5t,1,1,1,421920,1159,,,,133,1
43215,2026-07-24T17:05:00Z,dorohusk,Dorohusk,2,"Ягодин – Дорогуськ. Товари 1-24 групи УКТЗЕД (≥ 7,5 тонн)",truck_goods_1_24,1,1,0,0,3,,,,133,1
43214,2026-07-24T17:05:00Z,dorohusk,Dorohusk,29,"Ягодин – Дорогуськ (для порожніх вантажівок ≥ 7,5 тонн)",truck_empty,1,1,0,368400,1237,,,,133,1
43224,2026-07-24T17:05:00Z,dorohusk,Dorohusk,54,Ягодин – Дорогуськ. Автобуси (за розкладом),bus,2,2,0,,,0,0,,133,2
43204,2026-07-24T17:05:00Z,hrebenne,Hrebenne,5,"Рава-Руська – Хребенне (для вантажівок ≥ 7,5 тонн)",truck_ge_7_5t,1,1,1,300480,639,,,,133,1
43205,2026-07-24T17:05:00Z,hrebenne,Hrebenne,19,"Рава-Руська – Хребенне. Товари 1-24 групи УКТЗЕД (≥ 7,5 тонн)",truck_goods_1_24,1,1,1,0,6,,,,133,1
43219,2026-07-24T17:05:00Z,hrebenne,Hrebenne,78,Рава-Руська – Хребенне. Автобуси (за розкладом),bus,2,2,0,,,0,0,,133,2
43202,2026-07-24T17:05:00Z,korczowa,Korczowa,6,"Краківець – Корчова (для вантажівок ≥ 7,5 тонн)",truck_ge_7_5t,1,1,1,1680,15,,,,133,1
43203,2026-07-24T17:05:00Z,korczowa,Korczowa,20,"Краківець – Корчова. Товари 1-24 групи УКТЗЕД (≥ 7,5 тонн)",truck_goods_1_24,1,1,1,24960,36,,,,133,1
43217,2026-07-24T17:05:00Z,korczowa,Korczowa,23,Краківець – Корчова. Автобуси,bus,2,1,0,0,41,,,,133,2
43220,2026-07-24T17:05:00Z,kroscienko,Krościenko,75,Смільниця – Кросьценко. Автобуси (за розкладом),bus,2,2,1,,,3,3,,133,2
43206,2026-07-24T17:05:00Z,kroscienko,Krościenko,84,"Смільниця – Кросьценко (для вантажівок ≤ 7,5 тонн)",truck_le_7_5t,1,1,0,0,1,,,,133,1
43218,2026-07-24T17:05:00Z,malhowice,Małhowice,102,Нижанковичі – Мальховичі. Автобуси (за розкладом),bus,2,2,0,,,1,1,,133,2
43211,2026-07-24T17:05:00Z,medyka,Medyka,8,"Шегині – Медика (для вантажівок ≥ 7,5 тонн)",truck_ge_7_5t,1,1,1,366240,438,,,,133,1
43223,2026-07-24T17:05:00Z,medyka,Medyka,24,Шегині - Медика. Автобуси,bus,2,1,0,0,5,,,Ускладнений рух у зв'язку з ремонтними роботами на ММПП,133,2
43212,2026-07-24T17:05:00Z,medyka,Medyka,91,"Шегині – Медика (для порожніх вантажівок ≥ 3,5 тонн)",truck_empty,1,1,1,337740,436,,,,133,1
43210,2026-07-24T17:05:00Z,zosin,Zosin,7,"Устилуг – Зосин (для порожніх вантажівок ≥ 7,5 тонн)",truck_empty,1,1,1,278640,394,,,,133,1
43209,2026-07-24T17:05:00Z,zosin,Zosin,80,"Устилуг – Зосин (для вантажівок ≤ 7,5 тонн)",truck_le_7_5t,1,1,1,840,5,,,,133,1
43222,2026-07-24T17:05:00Z,zosin,Zosin,113,Устилуг - Зосин. Автобуси (за розкладом),bus,2,2,1,,,2,2,,133,2
43225,2026-07-24T18:57:00Z,budomierz,Budomierz,88,"Грушів – Будомєж (для вантажівок ≤ 7,5 тонн)",truck_le_7_5t,1,1,1,1980,4,,,,133,1
43240,2026-07-24T18:57:00Z,budomierz,Budomierz,104,Грушів – Будомєж. Автобуси (за розкладом),bus,2,2,0,,,0,0,,133,2
43232,2026-07-24T18:57:00Z,dolhobyczow,Dołhobyczów,31,"Угринів – Долгобичув (для порожніх вантажівок ≥ 7,5 тонн)",truck_empty,1,1,0,362700,404,,,,133,1
43245,2026-07-24T18:57:00Z,dolhobyczow,Dołhobyczów,76,Угринів – Долгобичув. Автобуси (за розкладом),bus,2,2,0,,,0,0,,133,2
43231,2026-07-24T18:57:00Z,dolhobyczow,Dołhobyczów,98,"Угринів – Долгобичув (для вантажівок ≥ 3,5 тонн до ≤ 7,5 тонн)",truck_le_7_5t,1,1,0,0,0,,,,133,1
43237,2026-07-24T18:57:00Z,dorohusk,Dorohusk,1,"Ягодин – Дорогуськ (для вантажівок ≥ 7,5 тонн)",truck_ge_7_5t,1,1,0,423360,1159,,,,133,1
43239,2026-07-24T18:57:00Z,dorohusk,Dorohusk,2,"Ягодин – Дорогуськ. Товари 1-24 групи УКТЗЕД (≥ 7,5 тонн)",truck_goods_1_24,1,1,0,0,0,,,,133,1
43238,2026-07-24T18:57:00Z,dorohusk,Dorohusk,29,"Ягодин – Дорогуськ (для порожніх вантажівок ≥ 7,5 тонн)",truck_empty,1,1,1,369900,1246,,,,133,1
43248,2026-07-24T18:57:00Z,dorohusk,Dorohusk,54,Ягодин – Дорогуськ. Автобуси (за розкладом),bus,2,2,0,,,0,0,,133,2
43228,2026-07-24T18:57:00Z,hrebenne,Hrebenne,5,"Рава-Руська – Хребенне (для вантажівок ≥ 7,5 тонн)",truck_ge_7_5t,1,1,0,300960,640,,,,133,1
43229,2026-07-24T18:57:00Z,hrebenne,Hrebenne,19,"Рава-Руська – Хребенне. Товари 1-24 групи УКТЗЕД (≥ 7,5 тонн)",truck_goods_1_24,1,1,0,0,3,,,,133,1
43243,2026-07-24T18:57:00Z,hrebenne,Hrebenne,78,Рава-Руська – Хребенне. Автобуси (за розкладом),bus,2,2,0,,,0,0,,133,2
43226,2026-07-24T18:57:00Z,korczowa,Korczowa,6,"Краківець – Корчова (для вантажівок ≥ 7,5 тонн)",truck_ge_7_5t,1,1,1,17220,58,,,,133,1
43227,2026-07-24T18:57:00Z,korczowa,Korczowa,20,"Краківець – Корчова. Товари 1-24 групи УКТЗЕД (≥ 7,5 тонн)",truck_goods_1_24,1,1,1,22620,33,,,,133,1
43241,2026-07-24T18:57:00Z,korczowa,Korczowa,23,Краківець – Корчова. Автобуси,bus,2,1,0,0,41,,,,133,2
43244,2026-07-24T18:57:00Z,kroscienko,Krościenko,75,Смільниця – Кросьценко. Автобуси (за розкладом),bus,2,2,0,,,3,3,,133,2
43230,2026-07-24T18:57:00Z,kroscienko,Krościenko,84,"Смільниця – Кросьценко (для вантажівок ≤ 7,5 тонн)",truck_le_7_5t,1,1,0,0,0,,,,133,1
43242,2026-07-24T18:57:00Z,malhowice,Małhowice,102,Нижанковичі – Мальховичі. Автобуси (за розкладом),bus,2,2,0,,,0,0,,133,2
43235,2026-07-24T18:57:00Z,medyka,Medyka,8,"Шегині – Медика (для вантажівок ≥ 7,5 тонн)",truck_ge_7_5t,1,1,0,368760,441,,,,133,1
43247,2026-07-24T18:57:00Z,medyka,Medyka,24,Шегині - Медика. Автобуси,bus,2,1,0,0,5,,,Ускладнений рух у зв'язку з ремонтними роботами на ММПП,133,2
43236,2026-07-24T18:57:00Z,medyka,Medyka,91,"Шегині – Медика (для порожніх вантажівок ≥ 3,5 тонн)",truck_empty,1,1,0,349440,449,,,,133,1
43234,2026-07-24T18:57:00Z,zosin,Zosin,7,"Устилуг – Зосин (для порожніх вантажівок ≥ 7,5 тонн)",truck_empty,1,1,0,278640,395,,,,133,1
43233,2026-07-24T18:57:00Z,zosin,Zosin,80,"Устилуг – Зосин (для вантажівок ≤ 7,5 тонн)",truck_le_7_5t,1,1,0,0,1,,,,133,1
43246,2026-07-24T18:57:00Z,zosin,Zosin,113,Устилуг - Зосин. Автобуси (за розкладом),bus,2,2,1,,,1,1,,133,2
43249,2026-07-24T20:24:00Z,budomierz,Budomierz,88,"Грушів – Будомєж (для вантажівок ≤ 7,5 тонн)",truck_le_7_5t,1,1,0,0,0,,,,133,1
43264,2026-07-24T20:24:00Z,budomierz,Budomierz,104,Грушів – Будомєж. Автобуси (за розкладом),bus,2,2,0,,,0,0,,133,2
43256,2026-07-24T20:24:00Z,dolhobyczow,Dołhobyczów,31,"Угринів – Долгобичув (для порожніх вантажівок ≥ 7,5 тонн)",truck_empty,1,1,0,360000,401,,,,133,1
43269,2026-07-24T20:24:00Z,dolhobyczow,Dołhobyczów,76,Угринів – Долгобичув. Автобуси (за розкладом),bus,2,2,0,,,0,0,,133,2
43255,2026-07-24T20:24:00Z,dolhobyczow,Dołhobyczów,98,"Угринів – Долгобичув (для вантажівок ≥ 3,5 тонн до ≤ 7,5 тонн)",truck_le_7_5t,1,1,0,0,1,,,,133,1
43261,2026-07-24T20:24:00Z,dorohusk,Dorohusk,1,"Ягодин – Дорогуськ (для вантажівок ≥ 7,5 тонн)",truck_ge_7_5t,1,1,1,422640,1158,,,,133,1
43263,2026-07-24T20:24:00Z,dorohusk,Dorohusk,2,"Ягодин – Дорогуськ. Товари 1-24 групи УКТЗЕД (≥ 7,5 тонн)",truck_goods_1_24,1,1,0,0,6,,,,133,1
43262,2026-07-24T20:24:00Z,dorohusk,Dorohusk,29,"Ягодин – Дорогуськ (для порожніх вантажівок ≥ 7,5 тонн)",truck_empty,1,1,1,369300,1244,,,,133,1
43272,2026-07-24T20:24:00Z,dorohusk,Dorohusk,54,Ягодин – Дорогуськ. Автобуси (за розкладом),bus,2,2,0,,,0,0,,133,2
43252,2026-07-24T20:24:00Z,hrebenne,Hrebenne,5,"Рава-Руська – Хребенне (для вантажівок ≥ 7,5 тонн)",truck_ge_7_5t,1,1,1,297120,633,,,,133,1
43253,2026-07-24T20:24:00Z,hrebenne,Hrebenne,19,"Рава-Руська – Хребенне. Товари 1-24 групи УКТЗЕД (≥ 7,5 тонн)",truck_goods_1_24,1,1,0,0,5,,,,133,1
43267,2026-07-24T20:24:00Z,hrebenne,Hrebenne,78,Рава-Руська – Хребенне. Автобуси (за розкладом),bus,2,2,0,,,0,0,,133,2
43250,2026-07-24T20:24:00Z,korczowa,Korczowa,6,"Краківець – Корчова (для вантажівок ≥ 7,5 тонн)",truck_ge_7_5t,1,1,0,11760,48,,,,133,1
43251,2026-07-24T20:24:00Z,korczowa,Korczowa,20,"Краківець – Корчова. Товари 1-24 групи УКТЗЕД (≥ 7,5 тонн)",truck_goods_1_24,1,1,0,18720,28,,,,133,1
43265,2026-07-24T20:24:00Z,korczowa,Korczowa,23,Краківець – Корчова. Автобуси,bus,2,1,0,0,42,,,,133,2
43268,2026-07-24T20:24:00Z,kroscienko,Krościenko,75,Смільниця – Кросьценко. Автобуси (за розкладом),bus,2,2,0,,,0,0,,133,2
43254,2026-07-24T20:24:00Z,kroscienko,Krościenko,84,"Смільниця – Кросьценко (для вантажівок ≤ 7,5 тонн)",truck_le_7_5t,1,1,0,0,1,,,,133,1
43266,2026-07-24T20:24:00Z,malhowice,Małhowice,102,Нижанковичі – Мальховичі. Автобуси (за розкладом),bus,2,2,0,,,0,0,,133,2
43259,2026-07-24T20:24:00Z,medyka,Medyka,8,"Шегині – Медика (для вантажівок ≥ 7,5 тонн)",truck_ge_7_5t,1,1,0,367080,439,,,,133,1
43271,2026-07-24T20:24:00Z,medyka,Medyka,24,Шегині - Медика. Автобуси,bus,2,1,0,0,5,,,Ускладнений рух у зв'язку з ремонтними роботами на ММПП,133,2
43260,2026-07-24T20:24:00Z,medyka,Medyka,91,"Шегині – Медика (для порожніх вантажівок ≥ 3,5 тонн)",truck_empty,1,1,0,348660,447,,,,133,1
43258,2026-07-24T20:24:00Z,zosin,Zosin,7,"Устилуг – Зосин (для порожніх вантажівок ≥ 7,5 тонн)",truck_empty,1,1,0,275760,391,,,,133,1
43257,2026-07-24T20:24:00Z,zosin,Zosin,80,"Устилуг – Зосин (для вантажівок ≤ 7,5 тонн)",truck_le_7_5t,1,1,0,0,6,,,,133,1
43270,2026-07-24T20:24:00Z,zosin,Zosin,113,Устилуг - Зосин. Автобуси (за розкладом),bus,2,2,1,,,0,0,,133,2
